,accuracy,precision,recall,f1-score
0,0.7482211275314724,0.747517165940005,0.7482211275314724,0.7474044713172591
